{
  "_format": "hh-sol-cache-2",
  "files": {
    "/Users/daulathussain/Desktop/code/usertest/BlockchainChatApp/contracts/ChatApp.sol": {
      "lastModificationDate": 1674571696476,
      "contentHash": "b0dbab85fcc1b451d3572c0d23a5d850",
      "sourceName": "contracts/ChatApp.sol",
      "solcConfig": {
        "version": "0.8.17",
        "settings": {
          "optimizer": {
            "enabled": false,
            "runs": 200
          },
          "outputSelection": {
            "*": {
              "*": [
                "abi",
                "evm.bytecode",
                "evm.deployedBytecode",
                "evm.methodIdentifiers",
                "metadata"
              ],
              "": [
                "ast"
              ]
            }
          }
        }
      },
      "imports": [],
      "versionPragmas": [
        ">=0.7.0 <0.9.0"
      ],
      "artifacts": [
        "ChatApp"
      ]
    },
    "/Users/daulathussain/Desktop/developerPointer/chatapp/contracts/ChatApp.sol": {
      "lastModificationDate": 1674573466020,
      "contentHash": "b0dbab85fcc1b451d3572c0d23a5d850",
      "sourceName": "contracts/ChatApp.sol",
      "solcConfig": {
        "version": "0.8.17",
        "settings": {
          "optimizer": {
            "enabled": false,
            "runs": 200
          },
          "outputSelection": {
            "*": {
              "*": [
                "abi",
                "evm.bytecode",
                "evm.deployedBytecode",
                "evm.methodIdentifiers",
                "metadata"
              ],
              "": [
                "ast"
              ]
            }
          }
        }
      },
      "imports": [],
      "versionPragmas": [
        ">=0.7.0 <0.9.0"
      ],
      "artifacts": [
        "ChatApp"
      ]
    }
  }
}
